{"name": "1024_001", "mseExpPred": [], "mseSimPred": 242509792.5613704, "mseAnaPred": 2493.08958844658, "meanExpPred": [], "meanSimPred": 4233.630873736253, "meanAnaPred": 1798.0155226730215, "stdExpPred": [], "stdSimPred": 231842466.78747657, "stdAnaPred": 2782.8532478478032}
