U_elastic,P_elastic,U_fracture,P_fracture
0.0,0.0,0.240045100450516,19.725786209106516
0.1000000014901162,8.31592369079594,,
0.200000002980232,16.48715591430663,,
