Node ASSEMBLY.1,Node ASSEMBLY.1
RF,U
0.0,0.0
8.31592369079594,0.1000000014901162
16.48715591430663,0.200000002980232
19.725786209106513,0.240045100450516
