{"name": "1024_001", "mseExpPred": [], "mseSimPred": 242509792.5613704, "mseAnaPred": 2493.08958844658, "meanExpPred": [], "meanSimPred": 4233.630873736253, "meanAnaPred": 1798.0155226730215, "stdExpPred": [], "stdSimPred": 231842466.78747657, "stdAnaPred": 2782.8532478478032}
{"name": "1024_002", "mseExpPred": [], "mseSimPred": 511559785.56643754, "mseAnaPred": 2493.08958844658, "meanExpPred": [], "meanSimPred": 3558.469163428579, "meanAnaPred": 1798.0155226730215, "stdExpPred": [], "stdSimPred": 505401707.0934075, "stdAnaPred": 2782.8532478478032}
{"name": "1025_001", "mseExpPred": [], "mseSimPred": 242509792.5613704, "mseAnaPred": 2493.08958844658, "meanExpPred": [], "meanSimPred": 4233.630873736253, "meanAnaPred": 1798.0155226730215, "stdExpPred": [], "stdSimPred": 231842466.78747657, "stdAnaPred": 2782.8532478478032}
