Node ASSEMBLY.1,Node ASSEMBLY.1
RF,U
0.0,0.0
24.606275558472962,0.00360714737325906
