{"type": "ADCB", "lenTop": 100, "lenBot": 100, "width": 25, "thickTop": 1.5, "thickBot": 5.1, "thickCz": 0.2, "crack": 60, "loadE1": 0, "loadE2": 0, "stepTime": 1, "BC": [0, 0, 5], "matTypeTop": "AnIso", "matPropTop": [109000, 8819, 8819, 0.34, 0.34, 0.38, 4315, 4315, 3200], "matTypeBot": "AnIso", "matPropBot": [109000, 8819, 8819, 0.34, 0.34, 0.38, 4315, 4315, 3200], "matTypeCz": "AbqMatLib", "matPropCz": [1000000, 18, 47.21682508840012, 0.42, 2.89, 2.35], "meshSeed": [0.05, 5, 0.5], "crackSeed": 5, "TabPosition": 1, "name": "1026_001", "uFactor": 2, "UvsRFplot": true, "peakLoad": 100, "fTough": 0.5, "nCpu": 7, "nGpu": 1}
{"type": "ADCB", "lenTop": 100, "lenBot": 100, "width": 25, "thickTop": 1.5, "thickBot": 5.1, "thickCz": 0.2, "crack": 30, "loadE1": 0, "loadE2": 0, "stepTime": 1, "BC": [0, 0, 5], "matTypeTop": "AnIso", "matPropTop": [109000, 8819, 8819, 0.34, 0.34, 0.38, 4315, 4315, 3200], "matTypeBot": "AnIso", "matPropBot": [109000, 8819, 8819, 0.34, 0.34, 0.38, 4315, 4315, 3200], "matTypeCz": "AbqMatLib", "matPropCz": [1000000, 18, 47.21682508840012, 0.42, 2.89, 2.35], "meshSeed": [0.1, 5, 0.5], "crackSeed": 5, "TabPosition": 1, "name": "1027_001", "uFactor": 2, "UvsRFplot": true, "peakLoad": 100, "fTough": 0.5, "nCpu": 7, "nGpu": 1}
