{"type": "NonStdUM", "lenTop": 1, "lenBot": 1, "width": 1, "thickTop": 0.2, "thickBot": 0.2, "thickCz": 0.01, "crack": 0, "loadE1": 0, "loadE2": 0, "stepTime": 1, "BC": [0, 0, 0.1], "matTypeTop": "AnIso", "matPropTop": [109000, 8819, 8819, 0.34, 0.34, 0.38, 4315, 4315, 3200], "matTypeBot": "AnIso", "matPropBot": [109000, 8819, 8819, 0.34, 0.34, 0.38, 4315, 4315, 3200], "matTypeCz": "AbqMatLib", "matPropCz": [1000000, 18, 47.21682508840012, 0.42, 2.89, 2.35], "meshSeed": [1, 1, 1], "crackSeed": 1, "TabPosition": 1, "name": "1024_001", "uFactor": 1, "UvsRFplot": true, "peakLoad": 0, "fTough": 0, "nCpu": 2, "nGpu": 0}
{"type": "NonStdUM", "lenTop": 1, "lenBot": 1, "width": 1, "thickTop": 0.2, "thickBot": 0.2, "thickCz": 0.01, "crack": 0, "loadE1": 0, "loadE2": 0, "stepTime": 1, "BC": [0, 0, 0.1], "matTypeTop": "AnIso", "matPropTop": [109000, 8819, 8819, 0.34, 0.34, 0.38, 4315, 4315, 3200], "matTypeBot": "AnIso", "matPropBot": [109000, 8819, 8819, 0.34, 0.34, 0.38, 4315, 4315, 3200], "matTypeCz": "../../IDF.for", "matPropCz": [1000000, 18, 47.21682508840012, 0.42, 2.89, 2.35], "meshSeed": [1, 1, 1], "crackSeed": 1, "TabPosition": 1, "name": "1024_002", "uFactor": 1, "UvsRFplot": true, "peakLoad": 0, "fTough": 0, "nCpu": 2, "nGpu": 0}
{"type": "NonStdUM", "lenTop": 1, "lenBot": 1, "width": 1, "thickTop": 0.2, "thickBot": 0.2, "thickCz": 0.01, "crack": 0, "loadE1": 0, "loadE2": 0, "stepTime": 1, "BC": [0, 0, 0.1], "matTypeTop": "AnIso", "matPropTop": [109000, 8819, 8819, 0.34, 0.34, 0.38, 4315, 4315, 3200], "matTypeBot": "AnIso", "matPropBot": [109000, 8819, 8819, 0.34, 0.34, 0.38, 4315, 4315, 3200], "matTypeCz": "../../FDF.for", "matPropCz": [1000000, 18, 47.21682508840012, 0.42, 2.89, 2.35], "meshSeed": [1, 1, 1], "crackSeed": 1, "TabPosition": 1, "name": "1024_003", "uFactor": 1, "UvsRFplot": true, "peakLoad": 0, "fTough": 0, "nCpu": 2, "nGpu": 0}
{"type": "NonStdUM", "lenTop": 1, "lenBot": 1, "width": 1, "thickTop": 0.2, "thickBot": 0.2, "thickCz": 0.01, "crack": 0, "loadE1": 0, "loadE2": 0, "stepTime": 1, "BC": [0, 0, 0.1], "matTypeTop": "AnIso", "matPropTop": [109000, 8819, 8819, 0.34, 0.34, 0.38, 4315, 4315, 3200], "matTypeBot": "AnIso", "matPropBot": [109000, 8819, 8819, 0.34, 0.34, 0.38, 4315, 4315, 3200], "matTypeCz": "../../FDF_Imp.for", "matPropCz": [1000000, 18, 47.21682508840012, 0.42, 2.89, 2.35], "meshSeed": [1, 1, 1], "crackSeed": 1, "TabPosition": 1, "name": "1024_004", "uFactor": 1, "UvsRFplot": true, "peakLoad": 0, "fTough": 0, "nCpu": 2, "nGpu": 0}
{"type": "NonStdUM", "lenTop": 1, "lenBot": 1, "width": 1, "thickTop": 0.2, "thickBot": 0.2, "thickCz": 0.01, "crack": 0, "loadE1": 0, "loadE2": 0, "stepTime": 1, "BC": [0, 0, 0.1], "matTypeTop": "AnIso", "matPropTop": [109000, 8819, 8819, 0.34, 0.34, 0.38, 4315, 4315, 3200], "matTypeBot": "AnIso", "matPropBot": [109000, 8819, 8819, 0.34, 0.34, 0.38, 4315, 4315, 3200], "matTypeCz": "AbqMatLib", "matPropCz": [1000000, 18, 47.21682508840012, 0.42, 2.89, 2.35], "meshSeed": [1, 1, 1], "crackSeed": 1, "TabPosition": 1, "name": "1024_005", "uFactor": 1, "UvsRFplot": true, "peakLoad": 0, "fTough": 0, "nCpu": 2, "nGpu": 0}
{"type": "NonStdUM", "lenTop": 1, "lenBot": 1, "width": 1, "thickTop": 0.2, "thickBot": 0.2, "thickCz": 0.01, "crack": 0, "loadE1": 0, "loadE2": 0, "stepTime": 1, "BC": [0, 0, 0.1], "matTypeTop": "AnIso", "matPropTop": [109000, 8819, 8819, 0.34, 0.34, 0.38, 4315, 4315, 3200], "matTypeBot": "AnIso", "matPropBot": [109000, 8819, 8819, 0.34, 0.34, 0.38, 4315, 4315, 3200], "matTypeCz": "../../IDF.for", "matPropCz": [1000000, 18, 47.21682508840012, 0.42, 2.89, 2.35], "meshSeed": [1, 1, 1], "crackSeed": 1, "TabPosition": 1, "name": "1024_006", "uFactor": 1, "UvsRFplot": true, "peakLoad": 0, "fTough": 0, "nCpu": 2, "nGpu": 0}
{"type": "NonStdUM", "lenTop": 1, "lenBot": 1, "width": 1, "thickTop": 0.2, "thickBot": 0.2, "thickCz": 0.01, "crack": 0, "loadE1": 0, "loadE2": 0, "stepTime": 1, "BC": [0, 0, 0.1], "matTypeTop": "AnIso", "matPropTop": [109000, 8819, 8819, 0.34, 0.34, 0.38, 4315, 4315, 3200], "matTypeBot": "AnIso", "matPropBot": [109000, 8819, 8819, 0.34, 0.34, 0.38, 4315, 4315, 3200], "matTypeCz": "../../FDF.for", "matPropCz": [1000000, 18, 47.21682508840012, 0.42, 2.89, 2.35], "meshSeed": [1, 1, 1], "crackSeed": 1, "TabPosition": 1, "name": "1024_007", "uFactor": 1, "UvsRFplot": true, "peakLoad": 0, "fTough": 0, "nCpu": 2, "nGpu": 0}
{"type": "NonStdUM", "lenTop": 1, "lenBot": 1, "width": 1, "thickTop": 0.2, "thickBot": 0.2, "thickCz": 0.01, "crack": 0, "loadE1": 0, "loadE2": 0, "stepTime": 1, "BC": [0, 0, 0.1], "matTypeTop": "AnIso", "matPropTop": [109000, 8819, 8819, 0.34, 0.34, 0.38, 4315, 4315, 3200], "matTypeBot": "AnIso", "matPropBot": [109000, 8819, 8819, 0.34, 0.34, 0.38, 4315, 4315, 3200], "matTypeCz": "../../FDF_Imp.for", "matPropCz": [1000000, 18, 47.21682508840012, 0.42, 2.89, 2.35], "meshSeed": [1, 1, 1], "crackSeed": 1, "TabPosition": 1, "name": "1024_008", "uFactor": 1, "UvsRFplot": true, "peakLoad": 0, "fTough": 0, "nCpu": 2, "nGpu": 0}
{"type": "NonStdUM", "lenTop": 1, "lenBot": 1, "width": 1, "thickTop": 0.2, "thickBot": 0.2, "thickCz": 0.01, "crack": 0, "loadE1": 0, "loadE2": 0, "stepTime": 1, "BC": [0, 0, 0.1], "matTypeTop": "AnIso", "matPropTop": [109000, 8819, 8819, 0.34, 0.34, 0.38, 4315, 4315, 3200], "matTypeBot": "AnIso", "matPropBot": [109000, 8819, 8819, 0.34, 0.34, 0.38, 4315, 4315, 3200], "matTypeCz": "../../IDF_3D.for", "matPropCz": [1000000, 18, 47.21682508840012, 0.42, 2.89, 2.35], "meshSeed": [1, 1, 1], "crackSeed": 1, "TabPosition": 1, "name": "1024_009", "uFactor": 1, "UvsRFplot": true, "peakLoad": 0, "fTough": 0, "nCpu": 2, "nGpu": 0}
{"type": "NonStdUM", "lenTop": 1, "lenBot": 1, "width": 1, "thickTop": 0.2, "thickBot": 0.2, "thickCz": 0.01, "crack": 0, "loadE1": 0, "loadE2": 0, "stepTime": 1, "BC": [0, 0, 0.1], "matTypeTop": "AnIso", "matPropTop": [109000, 8819, 8819, 0.34, 0.34, 0.38, 4315, 4315, 3200], "matTypeBot": "AnIso", "matPropBot": [109000, 8819, 8819, 0.34, 0.34, 0.38, 4315, 4315, 3200], "matTypeCz": "../../FDF_3D.for", "matPropCz": [1000000, 18, 47.21682508840012, 0.42, 2.89, 2.35], "meshSeed": [1, 1, 1], "crackSeed": 1, "TabPosition": 1, "name": "1024_0010", "uFactor": 1, "UvsRFplot": true, "peakLoad": 0, "fTough": 0, "nCpu": 2, "nGpu": 0}
{"type": "NonStdUM", "lenTop": 1, "lenBot": 1, "width": 1, "thickTop": 0.2, "thickBot": 0.2, "thickCz": 0.01, "crack": 0, "loadE1": 0, "loadE2": 0, "stepTime": 1, "BC": [0, 0, 0.1], "matTypeTop": "AnIso", "matPropTop": [109000, 8819, 8819, 0.34, 0.34, 0.38, 4315, 4315, 3200], "matTypeBot": "AnIso", "matPropBot": [109000, 8819, 8819, 0.34, 0.34, 0.38, 4315, 4315, 3200], "matTypeCz": "../../IDF_3D.for", "matPropCz": [1000000, 18, 47.21682508840012, 0.42, 2.89, 2.35], "meshSeed": [1, 1, 1], "crackSeed": 1, "TabPosition": 1, "name": "1024_0011", "uFactor": 1, "UvsRFplot": true, "peakLoad": 0, "fTough": 0, "nCpu": 2, "nGpu": 0}
{"type": "NonStdUM", "lenTop": 1, "lenBot": 1, "width": 1, "thickTop": 0.2, "thickBot": 0.2, "thickCz": 0.01, "crack": 0, "loadE1": 0, "loadE2": 0, "stepTime": 1, "BC": [0, 0, 0.1], "matTypeTop": "AnIso", "matPropTop": [109000, 8819, 8819, 0.34, 0.34, 0.38, 4315, 4315, 3200], "matTypeBot": "AnIso", "matPropBot": [109000, 8819, 8819, 0.34, 0.34, 0.38, 4315, 4315, 3200], "matTypeCz": "../../FDF_3D.for", "matPropCz": [1000000, 18, 47.21682508840012, 0.42, 2.89, 2.35], "meshSeed": [1, 1, 1], "crackSeed": 1, "TabPosition": 1, "name": "1024_0012", "uFactor": 1, "UvsRFplot": true, "peakLoad": 0, "fTough": 0, "nCpu": 2, "nGpu": 0}
{"type": "NonStdUM", "lenTop": 1, "lenBot": 1, "width": 1, "thickTop": 0.2, "thickBot": 0.2, "thickCz": 0.01, "crack": 0, "loadE1": 0, "loadE2": 0, "stepTime": 1, "BC": [0, 0, 0.1], "matTypeTop": "Iso", "matPropTop": [200000, 0.25], "matTypeBot": "Iso", "matPropBot": [200000, 0.25], "matTypeCz": "../../IDF.for", "matPropCz": [1000000, 18, 47.21682508840012, 0.42, 2.89, 2.35], "meshSeed": [1, 1, 1], "crackSeed": 1, "TabPosition": 1, "name": "1024_0013",