{"name": "1022_001", "mseExpPred": [], "mseSimPred": 31.48009147808109, "mseAnaPred": 0.15036423955705674, "meanExpPred": [], "meanSimPred": 58.27034350937617, "meanAnaPred": 64.90360234082911, "stdExpPred": [], "stdSimPred": 27.125248084697585, "stdAnaPred": 24.26349282522352}
