{"name": "1022_001", "mseExpPred": [], "mseSimPred": [51.79481095414572, 11.165372002016461], "mseAnaPred": [1.1483514725927033e-15, 0.3007284791141123], "mseNormExpPred": [], "mseNormSimPred": [1.1570330717443122, 0.15555967185061356], "mseNormAnaPred": [2.2967029451854067e-17, 0.00376818709931871]}
