{"name": "1022_002", "mseExpPred": [], "mseSimPred": 31.07374782778202, "mseAnaPred": 0.15036423955705674, "meanExpPred": [], "meanSimPred": 58.3258861952232, "meanAnaPred": 64.90360234082911, "stdExpPred": [], "stdSimPred": 27.285252119171822, "stdAnaPred": 24.26349282522352}
